{
  "mean": [
    0.3501127511711208, 0.8476373411197203, 115252.0777185663,
    253879.32097817492, 9.123035714285715, 2.9000714285714286,
    501195.8785287601, 9.968642857142857, 2.8273571428571427, 3.5182857142857142
  ],
  "std": [
    0.14449021773393056, 0.2015212398766778, 48902.513877398145,
    141805.04649440356, 8.418554427072435, 1.1409018966393327,
    286303.57175215194, 6.037308022468586, 1.4665246141396586,
    1.2367965203108668
  ]
}
