{"mean": [1024124.1997654664, 440144.44359792914, 583979.7561675372, 751680.4800198904, 352698.6782146139, 315057.3479640391, 157994.12241424786, 157063.22554979112, 228649.57415062544, 134400.5188259179, 0.30163414183262893, 0.3997620604149175, 0.12321428571428572, 0.12842857142857142, 0.12035714285714286, 0.12607142857142858, 0.12678571428571428, 0.12728571428571428, 0.12221428571428572, 0.12564285714285714, 0.127, 0.12542857142857142, 0.12592857142857142, 0.12371428571428572, 0.12728571428571428, 0.12742857142857142, 0.12042857142857143, 0.12278571428571429, 0.1392142857142857, 0.1457857142857143, 0.14642857142857144, 0.1437142857142857, 0.13692857142857143, 0.14564285714285713, 0.1422857142857143, 0.1437857142857143, 0.1432142857142857, 0.14042857142857143, 0.1437857142857143, 0.1437857142857143, 0.14235714285714285, 0.14264285714285715], "std": [260073.6464347191, 173885.4503725187, 130232.78690830375, 306038.35692141723, 262675.02089202707, 111825.17289676376, 73870.75806891089, 53218.28040844316, 148408.65733359888, 126187.37687981951, 0.11571773084768576, 0.1160646767027304, 0.32868301676570405, 0.33456639620468126, 0.3253787040056681, 0.33192984721080415, 0.3327327710622678, 0.33329275603362546, 0.32753313432633446, 0.33144642039375943, 0.33297297187609687, 0.3312042344203334, 0.3317688447195285, 0.3292553131302361, 0.33329275603362546, 0.33345244130497065, 0.32546202637519006, 0.32819107643728096, 0.3461699992306482, 0.35289125774935026, 0.35353535169479045, 0.350799785912019, 0.3437719269444526, 0.3527478069472898, 0.34934294009743255, 0.350872316737957, 0.35029124179978105, 0.3474311266353405, 0.350872316737957, 0.350872316737957, 0.34941606536433595, 0.34970826763029145]}