{"mean": [999081.9220758223, 599874.9290167071, 399206.9930591152, 500657.81405645434, 200225.3172951734, 300253.98932434106, 210095.97085380086, 90158.01847054022, 100331.0236352744, 50207.3078167505, 1.6407914285714287, 1.6450057142857144, 3.1063342857142864, 3.460606177219341, 2.987118925753903, 4.789436107651713, 5.485019604547911, 4.4468843061950105], "std": [198698.9996203294, 132638.2998275928, 99087.16843173918, 99975.86763307729, 49534.399115447406, 84140.75168157484, 61130.28792371829, 31434.83176433886, 35915.1440456876, 19007.865786727354, 0.32000384271927423, 0.32715107907322494, 0.6718417955538798, 0.6963790555844567, 0.7061865908216931, 1.5432592647545844, 1.777207632567353, 1.690552537718868]}