{"mean": [1024993.7771025208, 440445.3203419902, 584548.4567605307, 759379.7406573654, 357973.21061748505, 314598.84302129276, 157517.96913783776, 157080.87388345497, 228734.66699280436, 135148.52833964687, 0.12257142857142857, 0.12742857142857142, 0.12614285714285714, 0.12871428571428573, 0.126, 0.122, 0.12271428571428572, 0.12442857142857143, 0.13, 0.12728571428571428, 0.11828571428571429, 0.12242857142857143, 0.12214285714285714, 0.12985714285714287, 0.11728571428571428, 0.1327142857142857, 0.14771428571428571, 0.1337142857142857, 0.14742857142857144, 0.14585714285714285, 0.1472857142857143, 0.1382857142857143, 0.1397142857142857, 0.14242857142857143, 0.14342857142857143, 0.14542857142857143, 0.14214285714285715, 0.13585714285714287, 0.13914285714285715, 0.15157142857142858], "std": [257509.9821387225, 172710.40993725587, 129123.15113754722, 310203.64926864894, 268024.88165199774, 111475.10455815235, 73276.83757714387, 53923.58012985603, 148944.50419346805, 126372.18368767551, 0.327944619515838, 0.33345244130497065, 0.33201029612753563, 0.3348834399718011, 0.331849363416596, 0.3272858078194042, 0.3281089602493635, 0.3300698441857667, 0.33630343441600474, 0.3332927560336255, 0.322946131857362, 0.3277801341242794, 0.327450728494894, 0.33614619632850595, 0.32176043185917697, 0.33926568361924353, 0.35481653781948225, 0.3403450829822639, 0.35453263284936415, 0.35296293960512887, 0.35439050869494404, 0.3451996169033275, 0.34669035764155987, 0.3494891607323291, 0.35050936695975843, 0.35253241275209907, 0.3491965997917541, 0.3426368041991939, 0.34609553948148425, 0.3586049785101218]}