{"mean": [1000791.2349417359, 600317.4443813742, 400473.7905603615, 2008224.2683828033, 1005147.3187633414, 200069.7875424642, 160083.66035844755, 39986.12718401665, 248669.63497615073, 99604.24089809888, 4.117171428571428, 4.053271428571429, 12.13999209341748, 9.367033978418931], "std": [198633.74043075915, 133788.91481356462, 98588.41747323288, 492797.3047158565, 274484.53351913055, 71138.6243916067, 57845.293784339316, 19053.893361874572, 109630.17691998085, 46814.67203769674, 1.7763202733373809, 1.7535769600727422, 6.049777674227095, 3.8881667295572218]}