{"mean": [975189.3837927742, 389466.9112390085, 585722.4725537658, 562806.1940923613, 174403.68765805993, 285198.9746649895, 133013.5464796008, 152185.4281853887, 125977.76584765912, 48770.157354883435, 0.2996130969256432, 0.40369253274078487, 0.20100170565998557, 0.30012866909323954, 0.2561428571428571, 0.25042857142857144, 0.24814285714285714, 0.24528571428571427, 0.24971428571428572, 0.25485714285714284, 0.24814285714285714, 0.24728571428571428, 0.2507142857142857, 0.24642857142857144, 0.25285714285714284, 0.25, 0.253, 0.24957142857142858, 0.2512857142857143, 0.24614285714285714], "std": [243724.26727270786, 152781.67246337316, 125484.25198504952, 171232.52519959712, 78592.7973210446, 101480.62173317597, 62617.33901137148, 49970.885959755855, 63503.11474592993, 29927.435628141946, 0.11611530122389833, 0.11626954576258913, 0.05768898298120449, 0.05796402290666794, 0.4365016539230419, 0.43325985509947296, 0.43193515669812843, 0.43025647311000587, 0.4328476189428444, 0.4357808848398891, 0.43193515669812843, 0.4314342241824568, 0.43342431017775324, 0.4309310044685169, 0.43464975343748363, 0.4330127018922193, 0.4347309512790641, 0.43276498311698564, 0.433752468674972, 0.4307627549131983]}